FileName,Split,ED,ES
0X1062E316DF137FDB,TRAIN,123.png,140.png
0X1098A9CCA66A5DD0,TRAIN,038.png,053.png
0X10BD75A3203C3BB9,TRAIN,050.png,066.png
0X10C53B6D1D01A54A,TRAIN,091.png,112.png
0X10E57E24DBA5788,TRAIN,045.png,061.png
0X112E05F05062753E,TRAIN,044.png,064.png
0X11445CEF92745462,TRAIN,051.png,066.png
0X11B7D2EE96990A8D,TRAIN,035.png,054.png
0X11C1412786BCBB50,TRAIN,068.png,085.png
0X1212FB5C4E7021B8,TRAIN,039.png,055.png
0X121968806D66B71F,TRAIN,038.png,050.png
0X1220B4C71FD9D82,TRAIN,001.png,014.png
0X13D0DD096DFED1C7,TRAIN,051.png,069.png
0X13EFD6BF683801F,TRAIN,091.png,106.png
0X142D95A439C28FD0,TRAIN,114.png,127.png
0X14586BA47B83C598,TRAIN,086.png,106.png
0X146617301504663D,TRAIN,165.png,188.png
0X14EAF6EAE837F32D,TRAIN,084.png,094.png
0X14F639B3E0EC3A72,TRAIN,064.png,083.png
0X156F3A66548E593A,TRAIN,143.png,159.png
0X160563B6A541752C,TRAIN,086.png,097.png
0X160E1BD0E636CC69,TRAIN,046.png,063.png
0X16562EC4F3B6646B,TRAIN,082.png,094.png
0X16A017AC10918091,TRAIN,092.png,109.png
0X16B76AB7F9D95270,TRAIN,039.png,053.png
0X16CFBE094453AA79,TRAIN,097.png,115.png
0X16CFE39107BFF8A7,TRAIN,034.png,043.png
0X17CAFC6BB1CA2DE,TRAIN,050.png,066.png
0X18247588296B45DF,TRAIN,003.png,020.png
0X18354FFCDBCF9EBB,TRAIN,052.png,067.png
0X183BECFC41F9E3E0,TRAIN,081.png,100.png
0X18C24CABDF058431,TRAIN,081.png,101.png
0X19F169BA719D9E9F,TRAIN,099.png,121.png
0X1B3EC325B3E2311B,TRAIN,075.png,093.png
0X1B7EDA7973C0A9E,TRAIN,040.png,056.png
0X1C15B7D4A1339799,TRAIN,057.png,076.png
0X1C7404B2998743AC,TRAIN,063.png,087.png
0X1C7C2D50F32C91CF,TRAIN,151.png,164.png
0X1DCB42B624F74B6A,TRAIN,045.png,064.png
0X1E8B7A7B0312AD0B,TRAIN,038.png,052.png
0X1EFC35B469AE1CEC,TRAIN,000.png,020.png
0X1FF493CD3E1F9556,TRAIN,104.png,121.png
0X2040D80BE038FF72,TRAIN,062.png,071.png
0X20552C24AF1C72AA,TRAIN,079.png,099.png
0X219B35DD01D6562B,TRAIN,049.png,067.png
0X21E16CBE16849CF8,TRAIN,037.png,050.png
0X2326F92D1F6B4980,TRAIN,039.png,055.png
0X2359BC3D3CC007E,TRAIN,077.png,093.png
0X238ADF5CF8E3E97,TRAIN,083.png,095.png
0X23CA5B856231EF59,TRAIN,053.png,077.png
0X23D6C6323D56B730,TRAIN,099.png,111.png
0X24889AD4250280C9,TRAIN,146.png,162.png
0X24C8EA32354AEA68,TRAIN,076.png,088.png
0X24DDDEF00414EBC9,TRAIN,028.png,047.png
0X259BD7856D76C702,TRAIN,041.png,057.png
0X25EA04C3BB5BD73A,TRAIN,126.png,138.png
0X260C383010AEF14B,TRAIN,091.png,108.png
0X267E2148259DAA74,TRAIN,053.png,067.png
0X26F4ACC4D1DE761E,TRAIN,110.png,130.png
0X2704E5FD2037088E,TRAIN,034.png,047.png
0X27350E8706E23F95,TRAIN,132.png,151.png
0X27AE655830163CF2,TRAIN,089.png,108.png
0X2871AB68D43C2FAE,TRAIN,074.png,090.png
0X28CFCF51E65B1B31,TRAIN,098.png,114.png
0X290C040A358C02C1,TRAIN,087.png,099.png
0X293C9951DFBCD9D8,TRAIN,058.png,081.png
0X2980C863A2001D4F,TRAIN,286.png,318.png
0X29A4B28DB80C5246,TRAIN,068.png,080.png
0X29F5DCEC80F87BA6,TRAIN,048.png,061.png
0X2A7FCA76C4FAEAFD,TRAIN,043.png,060.png
0X2AA86B752CDAFC28,TRAIN,059.png,077.png
0X2AFCEF38F2CB4FD,TRAIN,049.png,061.png
0X2B0188BDC08AE8F3,TRAIN,127.png,140.png
0X2B0639FDC76E788B,TRAIN,129.png,143.png
0X2B79C68A21B5F520,TRAIN,059.png,080.png
0X2B831262FD6E0F44,TRAIN,106.png,126.png
0X2BA0CC0FD446A0CD,TRAIN,030.png,047.png
0X2C04949A6CC88C77,TRAIN,000.png,020.png
0X2C12BF73BA0A814C,TRAIN,095.png,121.png
0X2CA3761058236EF3,TRAIN,098.png,115.png
0X2CB14DA1C391E86B,TRAIN,150.png,182.png
0X2CCCED512683D687,TRAIN,001.png,016.png
0X2CE3CF0F97E7FC72,TRAIN,047.png,061.png
0X2D6601DFA32D0382,TRAIN,033.png,048.png
0X2E2A4F7D4604622F,TRAIN,120.png,137.png
0X2EC3A1A5F3971273,TRAIN,071.png,081.png
0X2F60720EDEDB2B84,TRAIN,051.png,072.png
0X2FCB95682388D5A3,TRAIN,045.png,061.png
0X2FFF4396044B9599,TRAIN,134.png,148.png
0X302567FE70174845,TRAIN,004.png,018.png
0X3038AF85DAEA33AF,TRAIN,114.png,135.png
0X304F73AE14FCAAEE,TRAIN,049.png,065.png
0X305357FDBA449A7E,TRAIN,042.png,058.png
0X30BABD45D8570AD3,TRAIN,041.png,057.png
0X318BF49FD37428B3,TRAIN,127.png,147.png
0X3196BBF36C80C73B,TRAIN,045.png,064.png
0X31FCC04D7162E128,TRAIN,044.png,059.png
0X3255DC6631CBE0EE,TRAIN,086.png,101.png
0X32EEB965CE009046,TRAIN,114.png,128.png
0X3331CE57D8978B42,TRAIN,130.png,148.png
0X33EBABBCE09F2DAE,TRAIN,034.png,053.png
0X340364B9261E5FD8,TRAIN,099.png,119.png
0X346C93EAA0D34D61,TRAIN,105.png,118.png
0X34937EEA012BAFAC,TRAIN,045.png,059.png
0X3511A5055ECF66F0,TRAIN,054.png,073.png
0X3585426448E631FA,TRAIN,035.png,053.png
0X35A57DE1135380CA,TRAIN,087.png,105.png
0X361DB800810D49EC,TRAIN,143.png,164.png
0X365CD11BB171403B,TRAIN,036.png,050.png
0X3677ED237A9338F4,TRAIN,047.png,064.png
0X367EF3C5E490D06D,TRAIN,081.png,099.png
0X36820DBFCD583F25,TRAIN,063.png,084.png
0X36B5FD2DD0218534,TRAIN,061.png,077.png
0X37307937DDFA46A9,TRAIN,044.png,061.png
0X378E08181E0B8BAA,TRAIN,000.png,017.png
0X381BBECABC1D6FB2,TRAIN,054.png,070.png
0X389D268AC64FDF16,TRAIN,096.png,109.png
0X38C80D99FBBD1995,TRAIN,129.png,143.png
0X38F5A46E6132A231,TRAIN,049.png,065.png
0X39386679DE7A85F9,TRAIN,047.png,063.png
0X39CF332039C0D5F,TRAIN,062.png,084.png
0X39E53D97C96FAAAB,TRAIN,079.png,094.png
0X3AB11C73780B865,TRAIN,047.png,061.png
0X3AE5CD9B4520576A,TRAIN,074.png,095.png
0X3AE7ECDB6EF083C6,TRAIN,072.png,087.png
0X3B877CAB3CE51ED3,TRAIN,083.png,099.png
0X3BE6EEE3814E2D16,TRAIN,045.png,062.png
0X3C1E9131F69E4821,TRAIN,135.png,154.png
0X3C7EF15C4B7BEEA1,TRAIN,040.png,055.png
0X3D403DF4736012FA,TRAIN,080.png,098.png
0X3DD8AAB0045765B9,TRAIN,113.png,136.png
0X3E04B170778411F9,TRAIN,121.png,137.png
0X3F27BA3A0224153F,TRAIN,004.png,022.png
0X3F9A02817B34BB11,TRAIN,050.png,064.png
0X3FB8DCE875DFB29F,TRAIN,032.png,046.png
0X3FF79E1647F263C4,TRAIN,079.png,093.png
0X40527E38E6EAC117,TRAIN,055.png,073.png
0X409C1560857D0D4A,TRAIN,040.png,057.png
0X40D1A3EFB465C064,TRAIN,045.png,061.png
0X41443641BCA80EC1,TRAIN,056.png,081.png
0X421A1675AA317C41,TRAIN,074.png,087.png
0X422763AFB6CC0079,TRAIN,118.png,131.png
0X4255A4E685B8C704,TRAIN,001.png,014.png
0X42E75641217CF946,TRAIN,035.png,049.png
0X42F2DEE7361EB3EA,TRAIN,042.png,057.png
0X42FBF848EE88CB8D,TRAIN,058.png,080.png
0X42FCA98A2D9A42ED,TRAIN,134.png,153.png
0X430656FE4E49EF4,TRAIN,040.png,053.png
0X43A764414165A4A2,TRAIN,057.png,074.png
0X43DA861ABE7A0720,TRAIN,085.png,103.png
0X43F4E26080A78B79,TRAIN,116.png,129.png
0X4471745EFED4FB8A,TRAIN,000.png,015.png
0X44AF62DCB1DC4329,TRAIN,088.png,105.png
0X4523F8C611A32164,TRAIN,115.png,130.png
0X45288341238CE3FD,TRAIN,046.png,058.png
0X4536DCD1EF2AF7FF,TRAIN,103.png,122.png
0X46112A0A6AAA4A03,TRAIN,124.png,147.png
0X4666116E3F120DF9,TRAIN,104.png,120.png
0X467C4565D025C33B,TRAIN,075.png,097.png
0X467DCC27BC71B286,TRAIN,085.png,101.png
0X468340D877F36659,TRAIN,028.png,041.png
0X46A887F79BFB58DC,TRAIN,053.png,070.png
0X46F641FCE4FFCF0B,TRAIN,049.png,062.png
0X46F9944BBD295961,TRAIN,082.png,098.png
0X470253DB6CB105B3,TRAIN,125.png,141.png
0X47827D50EA4F700C,TRAIN,046.png,066.png
0X47D04CC0EEE7F1EC,TRAIN,038.png,052.png
0X4821B047209D5A54,TRAIN,036.png,062.png
0X492F0DE600BCCCF6,TRAIN,037.png,054.png
0X49CAA8810D3D80CD,TRAIN,052.png,069.png
0X49CEF0778309C672,TRAIN,117.png,136.png
0X49EC98DBE77F6C94,TRAIN,116.png,134.png
0X49F9930439F79E9A,TRAIN,055.png,082.png
0X4AE10D9EF94811BA,TRAIN,002.png,017.png
0X4AF0B1C1E9B8A1A1,TRAIN,089.png,105.png
0X4B2656CCE4C71467,TRAIN,099.png,116.png
0X4B7D5DF79FE55378,TRAIN,069.png,085.png
0X4BF6DA4F93352E9F,TRAIN,040.png,059.png
0X4C3886781B19B953,TRAIN,003.png,018.png
0X4CB1C43A0DA06048,TRAIN,003.png,018.png
0X4CD637D93B06D6A7,TRAIN,113.png,135.png
0X4CD7A96E08866F11,TRAIN,046.png,060.png
0X4D9831DA52FD3036,TRAIN,037.png,050.png
0X4DCC1EBE5B2828F7,TRAIN,072.png,087.png
0X4DF45F03A54748E8,TRAIN,051.png,064.png
0X4E04DE86F469A5F,TRAIN,062.png,075.png
0X4E7832F9B39AD0E7,TRAIN,086.png,099.png
0X4E9D55E9C61DB47A,TRAIN,039.png,053.png
0X4EA930D226D84AD8,TRAIN,071.png,091.png
0X4EB91AA00350C857,TRAIN,075.png,090.png
0X4EC43FBE6C1D6028,TRAIN,042.png,061.png
0X4EFF3AFD2E70D8B,TRAIN,043.png,060.png
0X4F151B857306CD84,TRAIN,087.png,104.png
0X4F3FE52D34FEC127,TRAIN,039.png,052.png
0X4F4F64C47B366DC9,TRAIN,099.png,118.png
0X4F881958C896CE48,TRAIN,002.png,018.png
0X5083D1646DF2023E,TRAIN,037.png,065.png
0X5089EB6EC06D2181,TRAIN,085.png,106.png
0X50B4E37239529E65,TRAIN,067.png,081.png
0X51533857C7611936,TRAIN,062.png,083.png
0X517DB959DDA30D1F,TRAIN,122.png,138.png
0X51D385BFAEB40339,TRAIN,073.png,089.png
0X522E7EC5D8AA4628,TRAIN,056.png,079.png
0X5250BFB3A5B5DE5D,TRAIN,042.png,054.png
0X525B53BB23B6BFFF,TRAIN,043.png,058.png
0X52D5600CFB02C68A,TRAIN,003.png,016.png
0X53403DC4C4526AC3,TRAIN,079.png,098.png
0X53412B6864809F46,TRAIN,049.png,067.png
0X535B7884988ACFBC,TRAIN,058.png,079.png
0X53A0FEF8F35BDBDC,TRAIN,038.png,056.png
0X53CDAEEF7BDFBFB2,TRAIN,079.png,099.png
0X54E4998C51F9E270,TRAIN,035.png,048.png
0X551C98C8FE6B51A9,TRAIN,003.png,016.png
0X5555BF5C1EDB9A9B,TRAIN,051.png,073.png
0X55F8010A394F3756,TRAIN,058.png,074.png
0X5606683C2B5E4E3C,TRAIN,105.png,121.png
0X5680EEA4E51CBF5E,TRAIN,004.png,019.png
0X57115FCDFC17AD13,TRAIN,069.png,088.png
0X57AF243EC526F96B,TRAIN,128.png,142.png
0X57DC82A70105D85E,TRAIN,053.png,071.png
0X58689D0656F5952E,TRAIN,089.png,110.png
0X592EF931C5408F76,TRAIN,075.png,092.png
0X5A81E9B6120301C2,TRAIN,125.png,149.png
0X5A829DEE7FF13297,TRAIN,107.png,122.png
0X5A8DC9E4EC4968C4,TRAIN,046.png,060.png
0X5B72422497E29451,TRAIN,001.png,016.png
0X5BAA2D1ACBA618B9,TRAIN,061.png,075.png
0X5BAA60FB400B73A6,TRAIN,041.png,055.png
0X5BAB6F2DF148AB55,TRAIN,036.png,050.png
0X5BB0F7EC8D6E54C0,TRAIN,043.png,057.png
0X5BED87AA6A6DE3C,TRAIN,042.png,055.png
0X5C13832F252936F7,TRAIN,165.png,203.png
0X5CAA16702850040C,TRAIN,045.png,067.png
0X5D2CD9603F554C22,TRAIN,049.png,068.png
0X5D2F019F366E4CB0,TRAIN,060.png,076.png
0X5D7FCA50F8853C9,TRAIN,045.png,059.png
0X5DE1109B617C307E,TRAIN,066.png,082.png
0X5E6CB8D263F993B7,TRAIN,049.png,069.png
0X5F1EC9AD081BBF4B,TRAIN,045.png,062.png
0X5F9DA73AAF7E7428,TRAIN,037.png,048.png
0X5FCFF589A81B4B5E,TRAIN,000.png,018.png
0X5FDC113292CB6B3C,TRAIN,040.png,054.png
0X5FE3EB348D80C6BE,TRAIN,072.png,092.png
0X60616EC56172D3AE,TRAIN,076.png,092.png
0X60824E65E2F8D4E4,TRAIN,047.png,063.png
0X60879BF7C40D3E7F,TRAIN,047.png,067.png
0X6155412BB652E5B1,TRAIN,047.png,066.png
0X63350654272A9811,TRAIN,066.png,075.png
0X63451086D7DCA911,TRAIN,050.png,069.png
0X63AF6B967333B029,TRAIN,002.png,017.png
0X64452FF284C03039,TRAIN,001.png,014.png
0X64AD5CE84D6CC19E,TRAIN,047.png,064.png
0X64B7294110706DC5,TRAIN,079.png,094.png
0X64CD8BFE328160BA,TRAIN,004.png,020.png
0X64D572D8F917F0FE,TRAIN,043.png,059.png
0X65308E5E0624A6C1,TRAIN,044.png,060.png
0X6544ED8E3D660B88,TRAIN,077.png,096.png
0X66589A55D172C35C,TRAIN,045.png,062.png
0X667955B6FC13C36,TRAIN,024.png,038.png
0X66D3177E10B63872,TRAIN,040.png,056.png
0X675DD194648538EC,TRAIN,042.png,058.png
0X67ABFBDF2329C556,TRAIN,023.png,035.png
0X67B63CC28517C0E,TRAIN,102.png,120.png
0X67C5071C6A5E16B9,TRAIN,086.png,102.png
0X67E84A6AEB6EEF44,TRAIN,081.png,093.png
0X683BF75E16371700,TRAIN,058.png,082.png
0X68524510445EEC8A,TRAIN,160.png,177.png
0X68C77109B94D74B9,TRAIN,110.png,127.png
0X690C466520DCF9E3,TRAIN,053.png,067.png
0X69A75DB4A1B8CA28,TRAIN,032.png,043.png
0X6ADC5D0D968E9E34,TRAIN,004.png,018.png
0X6B1DB923FB0B3D34,TRAIN,045.png,062.png
0X6BB8FC06EB041453,TRAIN,036.png,048.png
0X6BD2B2D475E661ED,TRAIN,039.png,057.png
0X6BEF1A4315F47874,TRAIN,045.png,063.png
0X6C626BE4E38EF658,TRAIN,052.png,070.png
0X6C86F862C0C2228F,TRAIN,000.png,013.png
0X6C8C6BC50274E94B,TRAIN,037.png,051.png
0X6CA7BA30601E7B44,TRAIN,142.png,158.png
0X6CF243481B013517,TRAIN,087.png,102.png
0X6CF68B1A2BD187CC,TRAIN,117.png,131.png
0X6CF8F05F9BED6F35,TRAIN,058.png,080.png
0X6D6B651AC1031C7,TRAIN,036.png,049.png
0X6DB3B5B497DB6EA0,TRAIN,113.png,129.png
0X6DB58A74F7F0CBDB,TRAIN,110.png,130.png
0X6DD62111845E1B9,TRAIN,039.png,057.png
0X6E1F571E0D834439,TRAIN,041.png,059.png
0X6EF41C2BBBAA83EF,TRAIN,040.png,054.png
0X6F713E0BFAAF743B,TRAIN,083.png,102.png
0X6F81F5F5E980BF50,TRAIN,049.png,062.png
0X6FAD9DF07824297B,TRAIN,022.png,039.png
0X70190C8882ECDB13,TRAIN,004.png,021.png
0X706610E923C8C8EF,TRAIN,040.png,057.png
0X70B8D6F5238FAFCF,TRAIN,114.png,136.png
0X70BD7DAF007680A6,TRAIN,105.png,117.png
0X70F0F3896BAA0A92,TRAIN,006.png,021.png
0X71087954DB99E5FB,TRAIN,064.png,080.png
0X710AB66715EBDE2E,TRAIN,069.png,083.png
0X713283EFDECFC71F,TRAIN,128.png,146.png
0X716A4A1F44C246C2,TRAIN,091.png,102.png
0X71787F5C9B2F37BD,TRAIN,051.png,066.png
0X71BECC036C3DD693,TRAIN,053.png,069.png
0X723DEBB24B6737BD,TRAIN,046.png,061.png
0X73501E4D51E5DF62,TRAIN,028.png,042.png
0X735A2D72D186ABDF,TRAIN,034.png,050.png
0X73BAB1DA81605904,TRAIN,103.png,131.png
0X73BFDA4FB4F6235E,TRAIN,043.png,061.png
0X73E1750D79C18CE6,TRAIN,047.png,067.png
0X7495513F82B76105,TRAIN,069.png,082.png
0X74CC94D6336F349,TRAIN,108.png,123.png
0X7563D12CC3D333,TRAIN,055.png,071.png
0X75C3DEC78DC6B030,TRAIN,036.png,055.png
0X765022B40B3129C0,TRAIN,115.png,136.png
0X7666487BE51E1D94,TRAIN,063.png,079.png
0X76B58AFEBD29ED3A,TRAIN,089.png,106.png
0X76F1860F9A3BA0D,TRAIN,051.png,069.png
0X77A6AF7AADDA5798,TRAIN,055.png,075.png
0X77C42751F7BDB257,TRAIN,119.png,133.png
0X78DC5645033F242A,TRAIN,158.png,176.png
0X7915D945D952B139,TRAIN,087.png,101.png
0X79A37CEF1E1797D9,TRAIN,044.png,057.png
0X79E1574A83CD787C,TRAIN,097.png,118.png
0X7A0010EC59FC1A1C,TRAIN,047.png,059.png
0X7B9BCBCF1AC67C22,TRAIN,028.png,048.png
0X7C6D2CA9F2B482CF,TRAIN,057.png,077.png
0X7C7CB880947C5C5C,TRAIN,046.png,067.png
0X7D41714643A4524D,TRAIN,081.png,101.png
0X7D7C468C359E3E07,TRAIN,117.png,134.png
0X7DED63697C8793C1,TRAIN,060.png,075.png
0X7E2D179960B03654,TRAIN,050.png,065.png
0X7E32DC733A9F4C7,TRAIN,040.png,053.png
0X7ECF02812DE8EFCE,TRAIN,025.png,037.png
0X7EE47A0A4ABB0115,TRAIN,314.png,361.png
0X7EFE15741DE591F6,TRAIN,051.png,065.png
0X7F3F1029C810EC0C,TRAIN,044.png,060.png
0X7F50F813F8D25B5B,TRAIN,083.png,093.png
0X7FCC13D41D507C64,TRAIN,042.png,056.png
0X875E7FCD5A76D74,TRAIN,000.png,014.png
0X8CC92C116365C7B,TRAIN,112.png,126.png
0X94423ABE1D87A82,TRAIN,067.png,079.png
0X983B0EA3147F367,TRAIN,022.png,034.png
0X9E6E997496C87CC,TRAIN,044.png,059.png
0XA1EC54A2895788E,TRAIN,082.png,095.png
0XABB712C1939FBC5,TRAIN,000.png,017.png
0XBFB290E3C10D76A,TRAIN,110.png,127.png
0XDEC72212622926F,TRAIN,052.png,064.png
0XE5F70C3C553E989,TRAIN,145.png,168.png
0XE88650E3BA9E287,TRAIN,018.png,038.png
0XF72EB7E520F126E,TRAIN,045.png,063.png
0XF9B19F076482852,TRAIN,051.png,073.png
0X13B0A1DABEDA5EDF,VAL,060.png,073.png
0X14A6F87817547A95,VAL,036.png,049.png
0X14F0C15097590562,VAL,052.png,071.png
0X18D2B28FBD7DD266,VAL,073.png,101.png
0X1936B58B8E1F0305,VAL,061.png,076.png
0X2149046928524ECA,VAL,036.png,050.png
0X22D7FDCF2827269E,VAL,097.png,112.png
0X2C5353EF79A2AE33,VAL,047.png,060.png
0X2E00AD0FD28287B9,VAL,072.png,090.png
0X2E5298542F1F9C97,VAL,137.png,151.png
0X2E7C63C6E680E0FD,VAL,058.png,080.png
0X30DD64890676EF7D,VAL,066.png,085.png
0X313D7019ACE708FD,VAL,061.png,080.png
0X3579BDBD3E3E2AF3,VAL,073.png,087.png
0X36BC2C060ED9295,VAL,078.png,100.png
0X3F076329C702F768,VAL,048.png,064.png
0X3FCF64E16CAB91B,VAL,047.png,064.png
0X432623D2D414961F,VAL,036.png,050.png
0X44A1DA7C5681687D,VAL,102.png,118.png
0X46682D67FA3FE237,VAL,064.png,082.png
0X483D8D5364D95CAF,VAL,057.png,078.png
0X4889B480C7F3DE83,VAL,049.png,061.png
0X498F356AD182EFAA,VAL,059.png,075.png
0X49BA35AEA9408653,VAL,031.png,050.png
0X4D9E5AC44BA7A1A2,VAL,050.png,062.png
0X4F536E88702468E5,VAL,057.png,075.png
0X4FFC94D07CF61F1D,VAL,077.png,099.png
0X562DD4BDA72895C5,VAL,002.png,019.png
0X57967E99CD78E8DD,VAL,042.png,067.png
0X5C70DA5DA096EBF8,VAL,121.png,140.png
0X5D7A013C97D80D53,VAL,081.png,095.png
0X6000435AE572F06C,VAL,055.png,071.png
0X607768213ECF3816,VAL,283.png,303.png
0X61A5A8A298CBB992,VAL,072.png,090.png
0X61DBD51F03B76427,VAL,124.png,141.png
0X62232F7C971D7804,VAL,000.png,022.png
0X6456DAE3F9D1538B,VAL,093.png,106.png
0X67AAE45F773658DC,VAL,003.png,016.png
0X69DB3D6458D62410,VAL,059.png,072.png
0X6D7766F51CCDE3D7,VAL,053.png,072.png
0X6D81C99AA35EEE47,VAL,135.png,151.png
0X75302B43AECFF778,VAL,093.png,112.png
0X78B1A9C5DBBE470C,VAL,051.png,066.png
0X7917B2BCFC48DE01,VAL,068.png,089.png
0X79CDCC08F41F94D8,VAL,037.png,051.png
0X7B36CA7499CCB34D,VAL,046.png,064.png
0X7BB1CB83B94EB317,VAL,133.png,152.png
0X8B81181EDD9DDFE,VAL,105.png,129.png
0XA837A17982E7335,VAL,084.png,101.png
0XC89A68BA0AA0A11,VAL,022.png,033.png
0X102CFB07F752AAE6,TEST,163.png,184.png
0X114B58E6B34E55F1,TEST,081.png,092.png
0X126C02C8B984672B,TEST,074.png,092.png
0X138BF0FABD298C5,TEST,175.png,194.png
0X1623BBE488F0EC89,TEST,047.png,064.png
0X179D5051F8526C08,TEST,032.png,053.png
0X19BCCFDA31770A23,TEST,038.png,052.png
0X1B4F427BC662B727,TEST,042.png,058.png
0X1D531494AA297EA7,TEST,058.png,075.png
0X1FA69C9259AB1323,TEST,059.png,073.png
0X2006F373AD037FB0,TEST,043.png,056.png
0X2012F90A3894AE6C,TEST,004.png,016.png
0X2190CC524D8A3203,TEST,124.png,141.png
0X25BD4EC399A57695,TEST,000.png,014.png
0X27AD2D53372C8B2C,TEST,052.png,070.png
0X29044407543B4ED0,TEST,030.png,042.png
0X299A88D5675F49D0,TEST,080.png,103.png
0X2ADEADB93D232F1F,TEST,041.png,057.png
0X2AFCAC3003694C4D,TEST,081.png,099.png
0X2B559592BBB6E421,TEST,080.png,100.png
0X2B9185D91BBE0E97,TEST,054.png,067.png
0X2D4304FA6A09F93E,TEST,182.png,202.png
0X2E8342A7771D0391,TEST,050.png,061.png
0X3070B9FC19EEA1A8,TEST,031.png,045.png
0X3285FE374F563092,TEST,000.png,015.png
0X3351369E8117D69F,TEST,035.png,052.png
0X3395476F5A327AEC,TEST,041.png,058.png
0X36715FD73D74BF39,TEST,093.png,108.png
0X379CA9FEA4B8D934,TEST,108.png,118.png
0X37BFEEF205E5ACA3,TEST,121.png,143.png
0X3C5A6B5C6A66C7C0,TEST,136.png,147.png
0X3C8AE3EFC3758990,TEST,067.png,086.png
0X3CC2AB71D7704B20,TEST,054.png,068.png
0X3EB1A47797F16A83,TEST,083.png,102.png
0X3F1ED852891344A2,TEST,005.png,019.png
0X41D34DC8CABC6CEB,TEST,120.png,146.png
0X4724EF4A6021488E,TEST,142.png,162.png
0X47F00D882D730416,TEST,036.png,052.png
0X48AB3B6BB64769CF,TEST,032.png,051.png
0X48FB28BF9BD812DE,TEST,054.png,069.png
0X4C5B58DD6DEE9F41,TEST,053.png,072.png
0X4E5E3D56B330AAF7,TEST,033.png,048.png
0X4F38559E6842E6B9,TEST,109.png,121.png
0X4F89846030713617,TEST,106.png,122.png
0X50123D34D2500DE7,TEST,049.png,068.png
0X512A75F626846DD1,TEST,055.png,073.png
0X52F3BB17DC1CC0EA,TEST,040.png,056.png
0X5406E97A85CAEB10,TEST,048.png,070.png
0X54CB2267CB8CEBBB,TEST,066.png,078.png
0X554AC1E23B17F678,TEST,092.png,104.png
0X5AE597D0E98182FD,TEST,083.png,102.png
0X5BE6B8A080E4AAF3,TEST,105.png,121.png
0X5C05336F5F0ABF6F,TEST,087.png,104.png
0X5C3E19EC804AB89A,TEST,106.png,122.png
0X5CA9EC597BD1151A,TEST,000.png,013.png
0X5DB7742B2778FD6B,TEST,002.png,018.png
0X5DFC0C66C150F577,TEST,087.png,104.png
0X5F0602402478B90A,TEST,103.png,118.png
0X5F6F8D308353F7CE,TEST,060.png,078.png
0X5FAFD4377E381228,TEST,003.png,014.png
0X5FB52EE24AD4E07C,TEST,048.png,065.png
0X6244974E7C452D0,TEST,094.png,114.png
0X628BD140F1FC1557,TEST,054.png,074.png
0X62A25E56B1AEE78B,TEST,067.png,087.png
0X62F8023D8467B4D5,TEST,039.png,054.png
0X6326541E9E879019,TEST,072.png,085.png
0X63A2FB5EC2E1389E,TEST,030.png,044.png
0X674BD01159859802,TEST,006.png,018.png
0X67753ECB554BC154,TEST,083.png,103.png
0X67F418EFEAF112A,TEST,080.png,094.png
0X6867156FCD59C7DD,TEST,005.png,020.png
0X68F5FD987AB1DE31,TEST,000.png,021.png
0X694033179511A13E,TEST,004.png,016.png
0X69CAB2A980A78FCB,TEST,084.png,100.png
0X6EEC24E41B261C6F,TEST,044.png,061.png
0X6EEFDA0A9F0144FF,TEST,037.png,050.png
0X6FF416B50E42532F,TEST,067.png,083.png
0X710CEE694461AA2E,TEST,039.png,055.png
0X71C37D3E936D08DA,TEST,106.png,122.png
0X72685B35200F4C48,TEST,052.png,067.png
0X73402C06C929E8EF,TEST,161.png,183.png
0X740F540B87B8AF3,TEST,083.png,099.png
0X7476874DC8F10D2A,TEST,081.png,105.png
0X75BA1623CCCF0652,TEST,003.png,018.png
0X770E5896DC4FD92B,TEST,138.png,151.png
0X77762963F999DEE3,TEST,097.png,122.png
0X788C21FC83ECEA3,TEST,130.png,148.png
0X799F64CF2E4B98EB,TEST,055.png,078.png
0X79E6261DF5CE752C,TEST,104.png,115.png
0X7C2B6DE932E8EB4D,TEST,107.png,124.png
0X7D2C9FE972A828D3,TEST,111.png,125.png
0X7E51B1F0EBC1BD6C,TEST,052.png,073.png
0X8429581F984C6A4,TEST,041.png,053.png
0X8558D35ED09F890,TEST,096.png,116.png
0X8956CF90AA24E85,TEST,035.png,048.png
0XB29658CF38E12F7,TEST,147.png,160.png
0XB731B3B5A5E2BF7,TEST,095.png,109.png
0XD00B14807A0FA2B,TEST,041.png,051.png
0XF6661AF354401A5,TEST,093.png,111.png
0XF829F634971A0F7,TEST,048.png,066.png
